,precision,recall,f1,accuaracy
CIP,0.9625833625833625,0.9606060606060606,0.9594611074010627,0.9606060606060606
CTX,0.9054006302253147,0.8984126984126984,0.9011251461539936,0.8984126984126984
CTZ,0.913303527074019,0.9212121212121213,0.9153030303030302,0.9212121212121213
GEN,0.8565485775630703,0.8575757575757575,0.8570516769620984,0.8575757575757575
