,precision,recall,f1,accuaracy
CIP,0.9440673602592643,0.9424242424242424,0.9404536137567813,0.9424242424242424
CTX,0.9219407008086253,0.9238095238095239,0.9226340199724231,0.9238095238095239
CTZ,0.9174809399729782,0.9242424242424242,0.9113124873773961,0.9242424242424242
GEN,0.8448343079922028,0.8545454545454545,0.8485714285714286,0.8545454545454545
