,precision,recall,f1,accuaracy
CIP,0.9617058598349574,0.9606060606060606,0.9596567669835072,0.9606060606060606
CTX,0.9114405930675216,0.9047619047619048,0.9073048245193691,0.9047619047619048
CTZ,0.9103560912771438,0.9181818181818182,0.9127607114689411,0.9181818181818182
GEN,0.8606060606060606,0.8606060606060606,0.8606060606060606,0.8606060606060606
